event,mean_mean_nnd,mean_sd_nnd,sd_mean_nnd,mean_pol,sd_pol,cv_speed,mean_sd_front,mean_mean_bangl,mean_shape,sd_shape,species
4,22.23987508,16.82859809,12.09068682,0.704144529,0.230389018,0.495977029,0.361761426,1.610035278,1.255326588,0.323290697,baboons
6,53.21927534,39.01656084,11.27670142,0.509556801,0.172723061,0.417997027,0.289958724,1.697638083,1.033685896,0.391746955,baboons
11,14.02773877,9.487549948,2.920818288,0.666550106,0.302339324,0.596291544,0.30283291,1.544300383,0.727170657,0.469765068,baboons
17,21.28020728,17.91941409,10.61476103,0.584212197,0.182787937,0.396061086,0.273895372,1.484397668,1.137940837,0.305889297,baboons
18,15.27408862,6.57051969,3.627578901,0.559540312,0.184173866,0.386919596,0.295735088,1.577827069,1.145854961,0.327547327,baboons
19,21.20035607,13.35942959,4.288777366,0.54279272,0.171399245,0.170376217,0.267010368,1.989639096,0.874236529,0.305194283,baboons
20,12.19511158,9.607508446,3.256727149,0.643654319,0.172750628,0.315222757,0.290612103,1.548451258,0.805552394,0.469303365,baboons
22,19.09961313,12.65115107,1.749615558,0.400636429,0.176575542,0.300402803,0.326171566,1.70303345,0.97614498,0.423576007,baboons
25,30.98811163,29.07654735,3.890883824,0.496031877,0.206722606,0.402806087,0.310490513,1.641790078,0.9728867,0.450159757,baboons
26,22.63063879,20.03106643,9.985377218,0.600924961,0.196845614,0.456053228,0.369673873,1.659557202,1.125918911,0.328538498,baboons
27,12.36958001,8.543863489,4.803237864,0.432560315,0.218254983,0.656229474,0.280538596,1.413206685,0.893426676,0.425859091,baboons
28,12.89305412,10.53233448,0.226678816,0.470895698,0.181387114,0.217712017,0.300355153,1.30686388,1.15582726,0.300521786,baboons
29,10.84970463,12.26233423,1.200165724,0.462321445,0.187731649,0.552784792,0.31707685,1.508604717,1.008141733,0.38965736,baboons
30,15.20700774,8.572596838,2.093161601,0.473977332,0.182517869,0.221627877,0.339850793,1.612051169,1.040743545,0.355466671,baboons
32,24.44513381,23.77467041,0.74029519,0.552452286,0.247221983,0.599815127,0.338363413,1.58045959,1.113650565,0.345879961,baboons
33,17.46757515,14.81709436,6.45572621,0.603707447,0.190729861,0.495587364,0.389300388,1.496691189,1.154545531,0.310797956,baboons
34,24.21400346,20.77185115,4.907982731,0.537501343,0.214939696,0.411144504,0.333930391,1.619867708,0.605701281,0.379383209,baboons
35,26.39729153,37.20529846,9.238766702,0.576502244,0.220388271,0.729935622,0.332393988,1.499028929,0.866007093,0.397976797,baboons
36,8.548111556,5.248265138,1.269479111,0.539668662,0.217909943,0.407495048,0.323146907,1.599531251,0.460320116,0.389781759,baboons
37,23.66871475,25.82674377,14.90101755,0.724122273,0.175105202,0.357928119,0.345626415,1.470881728,0.616211061,0.362983752,baboons
38,19.31101929,16.08710761,5.975763073,0.586525322,0.20231405,0.43998866,0.367988289,1.738882547,1.049637491,0.399804474,baboons
40,14.24673546,7.997538626,1.012799248,0.570323674,0.240544556,0.33065645,0.324122568,1.376422895,0.664095947,0.36445547,baboons
41,12.46085784,11.29387803,7.48752368,0.653673485,0.161273054,0.348958075,0.345818622,1.531252619,1.230081068,0.282398518,baboons
43,15.26198989,14.85399508,5.846846272,0.639116329,0.173899248,0.394395639,0.365756288,1.524944506,1.105381247,0.286006349,baboons
47,20.41827969,19.02784093,11.38110308,0.671564948,0.149426705,0.344625882,0.343521177,1.635976983,0.95569621,0.427385756,baboons
51,16.59159474,13.43956737,1.500211807,0.520232867,0.140327999,0.189312555,0.306088829,1.431960837,1.358161541,0.162761701,baboons
53,12.37536528,9.049252264,0.207479352,0.555904531,0.145348286,0.207895124,0.322262423,1.670770076,1.237777611,0.25141784,baboons
54,12.02521766,8.001722986,0.693654747,0.544335817,0.155864957,0.197719267,0.291390361,1.546051363,0.890547784,0.316302869,baboons
55,14.24929678,7.207020957,1.492043531,0.55652478,0.158516259,0.357661701,0.273932376,1.641451937,0.654218977,0.314078058,baboons
56,12.93795077,8.972332813,1.356988683,0.478221591,0.162406565,0.293483447,0.287923448,1.486139566,0.644593785,0.362772529,baboons
57,10.26175983,8.906514157,0.538230612,0.3805589,0.130881299,0.282555723,0.267883784,1.267155346,0.464135969,0.397674201,baboons
58,14.23480401,8.830305264,1.630465113,0.561527561,0.137675268,0.196904963,0.311983986,1.590383164,0.711468268,0.311211303,baboons
59,13.92126498,15.0052394,6.846173872,0.724383769,0.170760197,0.325381422,0.345586858,1.592503994,1.284220164,0.263086838,baboons
63,13.19183699,27.62992373,1.402339731,0.593899389,0.147083614,0.378812563,0.321407137,1.46869725,0.814650471,0.399681887,baboons
65,21.5243558,13.27765502,1.30990932,0.634506081,0.125141792,0.17293679,0.316354709,1.523653633,1.178500247,0.256067458,baboons
66,13.21967398,17.25046987,2.170456739,0.620418485,0.156609709,0.320690983,0.299070091,1.585409483,0.283613652,0.194717377,baboons
67,7.996610648,5.868866229,3.150128124,0.740535689,0.162195041,0.358653266,0.351248654,1.553258543,1.385886062,0.169053201,baboons
68,13.93499345,17.37692165,7.471547115,0.598051391,0.17078434,0.293936416,0.370087619,1.617007149,0.934231892,0.307897759,baboons
69,12.9822183,17.54034128,8.306489865,0.623589859,0.154551087,0.287391742,0.35950577,1.644374565,0.583671976,0.389534606,baboons
70,14.72779419,17.46596279,3.216944284,0.517473623,0.172422786,0.363921765,0.296191938,1.64347844,0.996584404,0.370929792,baboons
72,23.26910818,26.56641138,1.443666719,0.45699743,0.125298616,0.267774263,0.322594419,1.497496976,1.070094958,0.319834484,baboons
73,9.864834158,8.900548072,3.269797922,0.757849997,0.150752222,0.367516365,0.338702226,1.625203213,1.255118428,0.321341438,baboons
81,12.6248058,21.81656175,4.796594478,0.517901148,0.130335569,0.172121308,0.325370684,1.507737581,1.159425732,0.300367339,baboons
82,17.6664763,23.99916069,6.871243629,0.587120763,0.154161916,0.256305396,0.38110132,1.475724536,0.789726598,0.315305418,baboons
83,14.2884278,17.92942351,5.660775675,0.636670595,0.14260702,0.244172731,0.371674303,1.675249498,1.280279363,0.22170027,baboons
84,12.29736626,16.29638834,1.062992142,0.54311188,0.144992572,0.192863422,0.357096377,1.500208173,0.448324666,0.312006589,baboons
85,22.39682325,25.87592344,3.077029716,0.623616847,0.161631313,0.337914953,0.293211801,1.592097092,1.189418027,0.274700598,baboons
86,13.2064183,10.76012676,3.402816876,0.599232783,0.159504655,0.420508567,0.283071479,1.59960056,0.675182644,0.420245759,baboons
87,8.77394752,8.008360525,2.827304373,0.742096512,0.166604704,0.39222456,0.340766255,1.570829361,1.247174935,0.323786166,baboons
88,12.66539435,7.370820267,2.846048766,0.557653844,0.16045528,0.223850745,0.302348905,1.534955749,0.885513178,0.466108281,baboons
89,16.66426228,13.13153454,1.584430918,0.55450617,0.136273919,0.233914813,0.287676414,1.543866213,0.445528319,0.34829185,baboons
90,10.82140166,6.595501487,1.864980647,0.600032616,0.184717015,0.180694164,0.324088904,1.699753995,0.216223117,0.214839193,baboons
91,17.73541656,11.70673798,2.542230348,0.544268938,0.152237863,0.569680786,0.307529931,1.491786183,1.042614027,0.351742104,baboons
92,15.0736338,12.4467405,0.621380208,0.389580549,0.16087779,0.297509355,0.319601907,1.552003781,0.425444221,0.367589901,baboons
94,20.07865751,18.05851115,7.139177996,0.543113705,0.162234637,0.298305935,0.27712404,1.70020958,0.933803785,0.343347512,baboons
96,18.51909035,10.96622193,0.290778449,0.582777186,0.114080097,0.150694177,0.267326158,1.810921333,1.249210229,0.189156248,baboons
97,10.81324124,11.75501273,3.058289529,0.563132633,0.210581846,0.346786486,0.307593347,1.468022303,1.058160543,0.333407527,baboons
99,8.620534016,7.110889914,2.140585094,0.781188064,0.154164053,0.261424605,0.375596438,1.598604827,1.307102234,0.306062662,baboons
100,11.72805541,8.016518665,1.414281027,0.530641365,0.124019945,0.241886827,0.302845362,1.659766913,0.478362951,0.287680073,baboons
101,13.63015991,8.848176764,0.754587891,0.640881748,0.13517397,0.236197966,0.277550839,1.71274623,0.311074412,0.219994224,baboons
102,19.31880922,12.69774374,4.043308288,0.609316304,0.156747805,0.388738588,0.321210976,1.600138993,1.265862235,0.229461773,baboons
103,15.37275871,20.72269359,6.315754956,0.644055033,0.17553711,0.346408731,0.308799237,1.548171258,1.026084768,0.438900515,baboons
104,9.311521875,5.973591472,1.430177338,0.573287606,0.213336315,0.484807592,0.339097706,1.5758147,1.176802103,0.321267367,baboons
105,10.82822147,5.693289673,0.974086021,0.563077238,0.13933273,0.257409227,0.321041834,1.484980724,1.239138417,0.264894401,baboons
106,13.974307,9.501669514,0.158849062,0.635940048,0.152069292,0.151752364,0.280008726,1.411884416,1.266738856,0.1778554,baboons
107,13.48637565,7.340922644,4.077464075,0.528519664,0.145235561,0.32440705,0.273111422,1.550450779,0.854021485,0.367014843,baboons
108,17.17278413,14.26191069,5.28017676,0.653296605,0.133126552,0.224943044,0.33492093,1.575554276,0.980028258,0.279439889,baboons
109,15.71181622,15.41722915,0.565049921,0.59030212,0.133821195,0.216704531,0.258689942,1.741912705,1.023961518,0.333005431,baboons
110,23.76787813,30.27820858,1.619789993,0.607429393,0.114355492,0.172940721,0.298358637,1.720207549,0.761873292,0.267257984,baboons
111,10.31822504,5.843129678,2.484956352,0.702466915,0.158314528,0.255128084,0.307651068,1.600577717,1.263689415,0.212244221,baboons
112,8.338471203,4.346337291,2.321204017,0.673569365,0.143302099,0.199607845,0.296492938,1.597098181,1.181767091,0.264178665,baboons
113,9.322360014,4.831889957,1.38736421,0.689662092,0.188727178,0.501612444,0.301178047,1.61010768,1.161674831,0.309665343,baboons
114,13.87435401,11.70604301,4.537409201,0.794090168,0.161330751,0.333537146,0.370493309,1.575152302,1.418622039,0.146233016,baboons
119,12.87404091,13.81241006,2.587365281,0.553320764,0.147050845,0.313777521,0.279351848,1.59223818,0.291666479,0.226091294,baboons
120,11.84449571,9.345865273,4.738035222,0.725939506,0.154788749,0.31019696,0.340199359,1.556632117,1.3149138,0.249365791,baboons
121,26.93772096,37.04719553,0.922371677,0.524732454,0.146905105,0.190821911,0.31286198,1.660241281,1.217655194,0.310140381,baboons
122,16.45310337,18.27858377,8.187956409,0.589175311,0.157521234,0.34693449,0.292912788,1.612436227,1.111288305,0.336391288,baboons
125,15.39412892,22.28273569,1.698779544,0.580936837,0.142550916,0.361986843,0.301429013,1.661065128,1.247656092,0.261319759,baboons
126,24.26941558,37.69684718,5.803609136,0.387633312,0.166416011,0.340479685,0.294104829,1.480411843,0.994716203,0.367040932,baboons
127,19.832745,26.56022369,4.80469762,0.519486091,0.187819611,0.29950222,0.306259489,1.521121792,1.221431279,0.314102981,baboons
128,19.52843886,23.59540317,2.797032149,0.541607008,0.159100477,0.342744359,0.276150243,1.479578429,1.237991463,0.273782577,baboons
129,15.10862486,20.07763023,3.215283826,0.548359693,0.159715689,0.426460906,0.320911124,1.643189056,0.783368839,0.461353767,baboons
130,10.25431359,11.67171457,4.583434027,0.638410176,0.17492478,0.292035393,0.332899759,1.536780657,1.048850147,0.386567809,baboons
131,12.38043065,13.4767912,4.063886837,0.662375547,0.163389571,0.190004399,0.360675539,1.572373924,0.547225595,0.309011448,baboons
132,11.0808508,8.258792157,1.19709092,0.692331811,0.156743851,0.266113999,0.300786386,1.585120586,0.382711988,0.416118566,baboons
133,28.51137083,35.86249436,0.774189419,0.612009587,0.150611276,0.212090943,0.300652703,1.629087084,0.94332268,0.26346842,baboons
134,15.54110442,28.6977822,0.581949598,0.290871413,0.114309995,0.388946599,0.266165901,1.774569657,0.722392639,0.437501372,baboons
135,16.60040248,20.94242651,5.918361011,0.65302901,0.1623401,0.37367621,0.346152804,1.528046989,0.795834123,0.395267822,baboons
137,12.39533842,16.2066138,1.01419504,0.508948527,0.14306578,0.222490279,0.309450759,1.61574404,0.796820644,0.48321715,baboons
138,11.68456503,20.06620028,0.641199767,0.443418076,0.167112114,0.249873222,0.310172817,1.527156076,0.672636204,0.318046054,baboons
139,9.237993644,6.209251081,3.298815462,0.666719145,0.185320733,0.318504836,0.334565162,1.628768445,0.594305347,0.324774277,baboons
140,7.715788208,8.515940448,3.064295536,0.750566418,0.180789781,0.226993195,0.372860624,1.507211208,0.993825359,0.213872307,baboons
141,14.33592173,22.43258783,1.408164264,0.38879977,0.145333711,0.258247722,0.289845625,1.428753979,0.842684598,0.440121388,baboons
142,16.37342279,18.86318662,2.036373774,0.524333499,0.159921059,0.232677581,0.329745381,1.485329458,0.952188059,0.337018491,baboons
143,26.33243942,35.74392297,2.749947376,0.688297218,0.123624212,0.33189057,0.294460876,1.594443124,1.096350032,0.425810354,baboons
144,15.71338197,16.60806595,1.507527659,0.440705202,0.164183199,0.600496243,0.290665692,1.512601127,0.605900274,0.461707825,baboons
145,10.75008779,5.546974442,1.938870924,0.429008665,0.165063014,0.271625737,0.299645228,1.543693332,0.394001768,0.366022274,baboons
146,13.45673693,14.04309013,5.629862376,0.68184109,0.153429956,0.427804715,0.292623246,1.709397971,0.469775238,0.2443234,baboons
147,6.479811727,7.009407591,1.102034786,0.553506352,0.139206108,0.364696662,0.348293381,1.476360635,0.815255764,0.382245133,baboons
148,11.52483082,13.11039154,1.729888132,0.557382596,0.174285596,0.36200744,0.335851132,1.618318092,0.3274237,0.263476912,baboons
149,11.0509289,11.30184046,4.088770891,0.608215188,0.168808262,0.272806309,0.327108916,1.733345231,0.311887881,0.220344669,baboons
150,6.379551123,4.768758735,1.52893726,0.723130747,0.182872008,0.31776756,0.352900447,1.582328702,1.283423276,0.285023676,baboons
151,4.019633943,3.400220794,0.716121471,0.485762092,0.138934054,0.192603315,0.335528048,1.503727462,1.222126114,0.309563455,baboons
152,7.95350953,6.662223893,1.813080874,0.671304774,0.198560889,0.376628086,0.3327979,1.549234164,1.333658482,0.230719179,baboons
155,25.06580609,33.28722411,2.412570921,0.595947689,0.143686493,0.343807679,0.32324595,1.59160946,1.074625762,0.344892756,baboons
156,13.4378063,11.81457613,0.471188783,0.619924315,0.142847456,0.268884686,0.362138549,1.551603077,0.330911707,0.198764572,baboons
157,18.45061187,26.50395871,2.251815337,0.484469234,0.183549994,0.431905142,0.293289143,1.560858325,0.421225374,0.352721224,baboons
159,26.8381365,44.10055071,6.644438466,0.485296569,0.166829321,0.249162394,0.289121095,1.498110516,0.40429582,0.284229965,baboons
161,20.04754052,27.3735769,10.14664827,0.535284453,0.143725621,0.228024058,0.36015572,1.548978244,0.270360534,0.200195358,baboons
162,15.40670311,11.9542822,1.079493455,0.467608881,0.175736473,0.284819312,0.345914387,1.31715967,1.142429634,0.295971479,baboons
163,23.13468914,32.26657189,1.779139087,0.566894431,0.157409414,0.310592743,0.311555197,1.684520104,1.215438112,0.267229412,baboons
165,16.52867656,12.20540685,1.534031418,0.642148909,0.185860408,0.263932729,0.30523375,1.618476273,0.421071263,0.262134813,baboons
168,20.11439881,13.30141971,0.56740802,0.62671946,0.102380277,0.252663379,0.297938886,1.604018551,0.544063593,0.217669086,baboons
169,27.0665887,22.37844472,3.039024096,0.529187085,0.168701135,0.341988796,0.302089867,1.548780969,0.895625867,0.423264487,baboons
171,25.7536328,21.66530169,2.160404934,0.518724626,0.171388766,0.194547453,0.285580117,1.322029353,1.048588106,0.30108634,baboons
172,31.01267889,29.30022366,5.760001272,0.583968592,0.142711749,0.283768596,0.294486866,1.659760239,0.547894363,0.349185084,baboons
174,18.79211521,18.66451863,0.460805821,0.613056028,0.16100564,0.087244998,0.293357933,1.615193402,1.422416538,0.134990328,baboons
175,11.55319657,10.74727961,4.016283176,0.735531587,0.168081001,0.279759597,0.354501408,1.606679541,1.37936244,0.184544899,baboons
176,17.38721913,17.52865607,2.244701579,0.403608015,0.144379253,0.296626794,0.314323101,1.573666767,0.801997997,0.451762336,baboons
179,11.49120199,7.756308959,1.835454323,0.609567903,0.189108927,0.219643077,0.310474043,1.366087759,0.768028305,0.330355144,baboons
180,8.756872648,6.863189749,0.173359445,0.44086012,0.171893405,0.273499229,0.329048107,1.413144438,1.12738652,0.405241041,baboons
181,10.75305026,7.266313645,2.945542174,0.549285534,0.164231747,0.236572137,0.339484931,1.653543187,0.521846449,0.338092769,baboons
182,8.441086719,4.833571632,0.426502299,0.565866775,0.179190889,0.29328121,0.405750431,1.578563462,1.136066373,0.307735514,baboons
183,11.67724208,16.47663912,7.126129649,0.381466693,0.166115586,0.844813345,0.353973669,1.466080361,0.95358577,0.360508939,baboons
184,8.103363339,9.57875509,2.109407264,0.646133055,0.146043149,0.352928609,0.334361511,1.574434485,0.870216225,0.366055222,baboons
185,11.9085614,7.799158368,2.228750263,0.541995997,0.179342048,0.313639412,0.294379205,1.56147153,0.519093217,0.438100069,baboons
187,15.51189079,12.17418543,5.369211777,0.624967424,0.168498525,0.240053114,0.319825345,1.569697877,1.18829376,0.34761147,baboons
188,15.39489573,8.144515572,2.429351195,0.615938666,0.127864832,0.207749029,0.288222805,1.61905441,1.158576391,0.273026227,baboons
189,8.743297065,7.555704556,1.58361351,0.60318866,0.124755356,0.224228068,0.365621024,1.688204244,1.217830082,0.218655215,baboons
190,21.58349981,24.08605837,4.480262447,0.597510511,0.158648854,0.308070213,0.350591986,1.584617461,1.266923279,0.245505317,baboons
192,27.22381596,24.29637831,3.570344906,0.487467714,0.184064568,0.295425739,0.293686383,1.569490382,1.116182115,0.323768458,baboons
196,15.65377178,19.38194585,3.892955829,0.692015722,0.207719406,0.263178071,0.304798803,1.503895573,1.083651289,0.302902138,baboons
197,21.71009403,22.43017085,0.809285563,0.441304953,0.200580014,0.389670675,0.29312275,1.600554522,0.622503481,0.487707643,baboons
198,20.7156199,22.93159726,0.823313873,0.50276631,0.089267499,0.272795832,0.320504231,1.412683821,0.358154355,0.223245932,baboons
199,17.11629442,21.8773403,1.654533738,0.433677443,0.193408036,0.316357643,0.295937016,1.43060066,0.557229755,0.386081173,baboons
201,18.22479385,14.71430626,4.352996307,0.558761047,0.159780034,0.277151347,0.295182476,1.530512055,1.179964591,0.330244137,baboons
202,9.865324322,6.390456495,2.334560363,0.760661803,0.19018036,0.330241545,0.342105593,1.556983053,1.364945679,0.235620004,baboons
203,10.26414455,7.269520387,4.034592905,0.601974893,0.210827209,0.467187136,0.334518408,1.605377101,1.222090945,0.306596076,baboons
204,14.69390818,19.73095851,3.132273508,0.612938922,0.194086083,0.293516565,0.339775157,1.52302747,1.143254645,0.327374882,baboons
205,22.90542833,17.67917948,9.498477809,0.597687785,0.159899847,0.193329511,0.360249668,1.550997425,1.299646323,0.226192374,baboons
206,15.86824084,10.79577219,2.368858483,0.472116884,0.219362818,0.263521481,0.277652222,1.678691631,0.946804972,0.461155671,baboons
208,19.53317348,32.75884552,5.719156545,0.667700659,0.181767147,0.490237646,0.273889572,1.468879991,0.629469507,0.34968722,baboons
209,9.257501412,5.850183265,3.266048695,0.62705494,0.159224939,0.335762036,0.319278894,1.534212832,0.832170369,0.409678162,baboons
211,9.436918956,8.246608028,1.379706827,0.499584287,0.157297564,0.348004201,0.374234498,1.499909865,1.127388836,0.246564989,baboons
215,12.19129355,11.44544885,3.005463213,0.662442078,0.178371835,0.27755307,0.39145054,1.450770694,1.141211516,0.30304363,baboons
217,16.02036224,16.77628485,1.280830241,0.563112139,0.177680643,0.283320172,0.317775437,1.503185345,0.978712209,0.325494938,baboons
218,26.06450007,35.26802522,3.058289635,0.551081632,0.158988601,0.336594418,0.304661627,1.529872504,0.565844012,0.339514954,baboons
219,19.91626126,22.82969231,2.265439584,0.746196437,0.179462346,0.432660975,0.270711253,1.540612239,0.62317875,0.341876218,baboons
220,16.66776845,16.13711997,4.260554212,0.643133457,0.167984634,0.319660174,0.289828448,1.60801157,0.957730697,0.386765531,baboons
221,14.48468127,8.852389625,3.032466736,0.554388138,0.170117901,0.332084243,0.308195084,1.553314749,0.394219588,0.292377003,baboons
222,6.892774069,4.074148851,1.586724486,0.778479641,0.169648539,0.356426794,0.333544524,1.600222331,1.185632077,0.350457457,baboons
224,17.62751099,17.7498471,1.97734642,0.443478339,0.151220477,0.317121546,0.313178847,1.628497721,1.174254321,0.319424028,baboons
225,14.86189535,11.07240926,1.829927046,0.351322348,0.129315049,0.123456053,0.380070357,1.37304501,1.172369327,0.41343062,baboons
226,11.79814302,9.193918326,0.473922591,0.366499763,0.164094798,0.108670951,0.342853412,1.60947629,0.6992241,0.372003634,baboons
227,10.94861301,11.6029581,0.415785698,0.380922863,0.149533401,0.162195529,0.343172008,1.627478199,0.684694514,0.355989166,baboons
229,7.245625647,5.613256123,2.165229338,0.791769008,0.166147705,0.294805547,0.360005302,1.536722734,1.364558194,0.223487237,baboons
232,19.50380382,20.95388356,5.055122645,0.664793025,0.166563789,0.340275404,0.288738998,1.636666037,0.607856221,0.38407376,baboons
233,18.8254861,13.31741699,2.593962499,0.475716826,0.180353299,0.634992228,0.311466044,1.585904927,1.171519992,0.332286241,baboons
234,12.2388084,5.771593642,1.519363919,0.637656082,0.171482471,0.222511344,0.333523756,1.667026536,1.058129202,0.233077098,baboons
235,15.18175578,7.596946917,1.499204768,0.506237972,0.157747456,0.288802347,0.282132531,1.628311057,0.398676657,0.270670338,baboons
236,13.17531785,6.703362401,0.56947797,0.528162184,0.129893724,0.343389804,0.26475677,1.682112772,0.491363732,0.242641339,baboons
238,10.49477361,8.462986114,3.769915908,0.680819498,0.204701619,0.411312409,0.33683377,1.558557985,1.192783874,0.342562373,baboons
239,11.34705344,6.491495271,2.068655486,0.58541738,0.182453056,0.354882157,0.3287195,1.578802515,1.193012646,0.302961059,baboons
240,14.77436677,10.4354278,3.209634953,0.596057489,0.159700385,0.25896667,0.288057093,1.716000708,0.57208019,0.315898585,baboons
244,18.45351825,13.90026764,1.161797836,0.65881654,0.108366697,0.188667913,0.32211637,1.489781711,0.521379365,0.227984391,baboons
245,22.39324358,15.1500163,2.370947567,0.603428974,0.170586369,0.324350302,0.297654957,1.370349867,1.35253282,0.174659556,baboons
246,9.896234788,5.10645581,1.622099941,0.570067701,0.163691831,0.5307401,0.303924421,1.630239244,1.217346636,0.270422431,baboons
247,8.093968543,5.639412911,3.217223629,0.669432552,0.170255445,0.520957377,0.323889532,1.564176577,0.506723899,0.336311433,baboons
248,7.456028838,4.865226556,2.697681365,0.705042817,0.177323623,0.276556084,0.367038056,1.562870883,1.079032855,0.350110032,baboons
249,7.414808802,3.361613719,0.923555191,0.464808085,0.190747004,0.288268299,0.295410096,1.415330316,0.970884994,0.372606389,baboons
250,11.58692325,9.117099247,8.677008149,0.617035326,0.165418949,0.399193167,0.370167466,1.557379448,1.145660642,0.298560327,baboons
251,16.32548257,15.92303625,4.144761965,0.596728961,0.164628354,0.306456131,0.291339506,1.506544851,1.244881724,0.305750323,baboons
252,10.95197561,6.447476752,2.148765846,0.612917335,0.188771938,0.455015103,0.271212317,1.63147071,0.778520157,0.41245333,baboons
253,19.80766243,22.16013766,3.833263633,0.56623189,0.161034443,0.284507666,0.270342282,1.557225914,1.132854971,0.298696681,baboons
254,11.97144083,12.7686544,1.610592602,0.555251307,0.173556906,0.306251313,0.292179539,1.601973493,1.148283775,0.303985197,baboons
255,18.61505866,28.13494307,1.597928405,0.467974271,0.177866925,0.323839606,0.307984087,1.564959791,0.550479273,0.396556264,baboons
256,10.60161575,7.817666548,1.616580423,0.589618845,0.190920675,0.287979421,0.276478447,1.428302948,0.536978838,0.311950423,baboons
258,10.33504493,11.74453618,4.88856598,0.706290049,0.202848231,0.38806915,0.377158669,1.616783072,1.306076974,0.24432952,baboons
261,14.53678123,19.24414427,1.390836406,0.624512278,0.156890895,0.287193017,0.360051125,1.475307963,1.24789081,0.269983032,baboons
1,5.144503594,3.706402838,0.959674892,0.525361006,0.117150161,0.099738194,0.298917864,1.530769734,1.299234972,0.190490187,goats
3,4.641215748,4.155407588,0.6589748,0.612804528,0.122825037,0.123301407,0.30506081,1.662469903,1.359739166,0.14046133,goats
4,4.544630217,3.733681564,0.646629909,0.591876177,0.105952712,0.215701265,0.293137894,1.471819742,1.362039631,0.173645804,goats
5,8.115264003,9.47669258,0.481907934,0.583729785,0.142418108,0.185728643,0.343512561,1.683925075,1.057861031,0.279515436,goats
7,4.208045963,2.398004488,0.202607806,0.673068633,0.144995467,0.237930237,0.28992653,1.588399144,1.350112051,0.170592698,goats
9,6.937982055,5.476190836,1.637867076,0.615917598,0.231709926,0.341224903,0.306368163,1.382647492,1.218290907,0.289326708,goats
11,3.479163625,3.278390326,0.223878555,0.598447208,0.173438657,0.11372101,0.331327403,1.463849464,1.281442188,0.214877312,goats
12,3.488717249,2.270348985,0.878988472,0.535691909,0.202104892,0.408358258,0.28120742,1.638260479,0.90609142,0.400154562,goats
13,4.215079984,3.015064906,1.279005591,0.785531463,0.188771813,0.334398784,0.313627626,1.534098253,1.246296781,0.249462927,goats
14,3.550280878,4.41550497,0.624929613,0.705195105,0.177727543,0.385055442,0.310078009,1.423759712,1.186412154,0.323159024,goats
16,4.010723789,3.235822136,0.292287682,0.521293264,0.149500127,0.192290338,0.255713415,1.149372426,1.049103234,0.259017331,goats
17,1.665861874,1.854356719,0.941513386,0.813722387,0.203462632,0.435244814,0.304439579,1.516355709,1.205696157,0.338745779,goats
18,3.648800719,2.486583044,1.066849173,0.670787244,0.172149003,0.373983546,0.297740654,1.521225766,1.263099509,0.336803193,goats
21,5.183855497,4.160589204,1.328445441,0.600771566,0.143575433,0.269437285,0.299906931,1.536734004,1.171794672,0.263091749,goats
22,4.959744716,6.64334409,0.435438402,0.537651386,0.063362313,0.159222783,0.338714708,1.459341155,0.310799911,0.247383337,goats
23,6.481959867,3.590197507,0.106850554,0.681922132,0.128283102,0.190516403,0.304973447,1.384245419,0.214251741,0.137834664,goats
24,9.121376398,7.811458214,1.442840534,0.62679623,0.152161876,0.229638473,0.30302751,1.557816019,0.724331063,0.367964859,goats
25,8.890419229,9.911048836,0.48223408,0.626434474,0.163210729,0.140781005,0.280828155,1.192793023,0.890310116,0.14595026,goats
26,3.818981288,2.690399491,0.688836503,0.666156646,0.152670905,0.272108521,0.297674331,1.507583072,1.296176978,0.215170851,goats
27,5.860113946,3.974817278,2.117383809,0.690202741,0.181726758,0.331559744,0.307030522,1.489775948,1.268021987,0.244497562,goats
28,3.327479625,3.223489282,0.310475213,0.5817863,0.125794639,0.279272955,0.28705386,1.569306076,0.924892768,0.516770076,goats
29,7.471317169,7.154242641,2.423391959,0.632062982,0.191739497,0.279170715,0.298818894,1.489957415,1.100774682,0.320219361,goats
30,4.474178592,2.405524976,1.038375281,0.636191064,0.174541261,0.240137524,0.291347168,1.589100993,0.999843771,0.398619171,goats
32,10.46329827,5.54814416,2.048017844,0.625072743,0.138448414,0.220721552,0.317875751,1.508813332,1.213833389,0.22868844,goats
33,3.965838372,3.424563996,0.486154963,0.558840352,0.148593101,0.253900215,0.333359015,1.427532151,1.192518577,0.225017895,goats
34,4.764108316,5.871264994,1.120075422,0.844172561,0.149309088,0.294405256,0.342544423,1.467310352,1.320066889,0.249786708,goats
35,2.945771047,1.491515177,0.987370813,0.798850545,0.1437021,0.376092916,0.320576918,1.574147984,1.311882088,0.222336889,goats
1,2.177388931,1.467785191,0.401548614,0.998444234,0.000995518,0.085694627,0.298840107,1.552385633,0.313929035,0.226521325,pigeons
2,2.158479009,1.236141332,0.296437615,0.997686969,0.004380366,0.064012157,0.314988238,1.568959833,0.344214577,0.284942307,pigeons
3,2.272660186,1.255959511,0.516564794,0.998639709,0.002565587,0.110090919,0.286760923,1.435589625,0.5484893,0.475568407,pigeons
4,2.637117344,1.524534864,0.415712034,0.997846522,0.002957057,0.090195518,0.257536258,1.415964526,0.35832593,0.358040419,pigeons
6,6.779082557,11.42087414,0.097777076,0.998019571,0.003007235,0.074767632,0.290526907,1.815010331,0.225338057,0.182982203,pigeons
7,5.346881531,8.392459602,0.597410231,0.99624507,0.010198433,0.076298274,0.286920904,1.363228961,0.479265405,0.397247071,pigeons
8,2.627892945,1.51771704,0.455952915,0.998561225,0.001618839,0.093477034,0.263453238,1.606382404,0.438817191,0.384190257,pigeons
9,2.063212063,1.898683435,0.844745059,0.998892587,0.001446295,0.134447323,0.279048373,1.357403035,0.583365358,0.425048964,pigeons
10,1.816146379,1.678182656,0.387161633,0.995898972,0.006427263,0.084662498,0.294048691,1.560742383,0.666427151,0.482526304,pigeons
11,1.773744446,1.706825012,0.642194391,0.998305168,0.003344078,0.071577069,0.265338145,1.487725611,0.37850552,0.398881712,pigeons
12,2.318807718,2.215125104,0.874062576,0.994875699,0.022655096,0.066224232,0.314462178,1.447117998,0.690718104,0.462803511,pigeons
14,2.995890082,1.858848793,1.207340057,0.996241754,0.006106217,0.088310835,0.26014669,1.556204069,0.437375913,0.253526675,pigeons
15,2.934476531,2.421216641,0.521600709,0.996098974,0.00653418,0.066478677,0.256286601,1.388552157,0.786530411,0.519118174,pigeons
16,1.841384545,2.362338269,0.477706472,0.997371549,0.007757262,0.070309487,0.287514448,1.533374247,0.590179298,0.316906326,pigeons
5,0.464031707,0.186492016,0.120470442,0.899547655,0.158105319,0.319179798,0.265649944,1.527335296,1.070515104,0.453004342,fish
25,0.487447796,0.230907085,0.114649686,0.825874717,0.225352656,0.354370121,0.302006253,1.617839093,1.084045308,0.358493793,fish
27,0.551401718,0.244969412,0.160474341,0.885984179,0.153830301,0.391609477,0.293380152,1.556733036,1.21071145,0.378581969,fish
53,0.418328393,0.165820359,0.125671415,0.93700389,0.101162251,0.269644425,0.30807824,1.488666422,1.080021568,0.391445387,fish
128,0.478904952,0.145645155,0.143777461,0.927110668,0.088365171,0.316476012,0.291893458,1.593651655,1.320155499,0.220476662,fish
131,0.49578401,0.164553139,0.151520079,0.909706736,0.10637681,0.295143641,0.325016817,1.604778997,1.297472594,0.298706017,fish
254,0.495465571,0.192513136,0.132897825,0.861600867,0.173093328,0.372448484,0.280374896,1.564482526,1.003600153,0.43844305,fish
269,0.617689239,0.3654715,0.268996954,0.810103028,0.203968868,0.353491912,0.282349885,1.605085138,0.926030108,0.45701664,fish
270,0.507914871,0.177675389,0.182907776,0.892818078,0.145887571,0.324271383,0.2926355,1.611114181,1.173004382,0.384784607,fish
279,0.484967827,0.179215035,0.199131275,0.826132893,0.182062757,0.459542424,0.286872563,1.524397164,0.822299391,0.478948463,fish
288,0.475229197,0.269750837,0.222058235,0.793149933,0.237737048,0.455142793,0.269271816,1.615191306,1.027502845,0.42994607,fish
301,0.628685602,0.339038363,0.243993866,0.838742565,0.192114353,0.493805324,0.271050722,1.526701111,0.821231104,0.475253614,fish
302,0.586663028,0.261525132,0.17334033,0.86763073,0.169801297,0.421273176,0.274590081,1.374797155,1.157659176,0.328404295,fish
309,0.496530707,0.19729434,0.12464014,0.854558812,0.17359731,0.462238988,0.315919108,1.497773158,1.178154162,0.333544231,fish
319,0.583457676,0.279868734,0.119242432,0.841680268,0.199860681,0.564567251,0.300915249,1.50107823,0.750999874,0.527733147,fish
331,0.539204801,0.218013111,0.152775277,0.825302589,0.202036487,0.471599495,0.316782818,1.418796865,1.182740811,0.347602895,fish
340,0.560092743,0.168066921,0.126547275,0.914193933,0.122599574,0.422823499,0.26023168,1.4781192,0.95471021,0.46872572,fish
354,0.594598294,0.229440354,0.225703865,0.812368562,0.199648494,0.548254025,0.273511695,1.557633183,0.792269104,0.458040153,fish
361,0.54213355,0.227809714,0.210550753,0.840760437,0.171127333,0.405490884,0.288137986,1.576136108,1.062032732,0.390065243,fish
373,0.67670949,0.261709082,0.193220798,0.801997329,0.212887167,0.388977794,0.275913901,1.590283585,0.797836154,0.450483507,fish
375,0.619035314,0.213396476,0.137639942,0.839820024,0.168288133,0.314139976,0.274997665,1.696223202,0.933259084,0.519832997,fish
376,0.60885401,0.254724872,0.159424258,0.82500568,0.180290793,0.395642093,0.269789393,1.507579995,1.249442447,0.288479649,fish
377,0.554944589,0.16486046,0.185019542,0.891118085,0.151572757,0.369055471,0.28943469,1.575962134,0.975045248,0.409108424,fish
423,0.694146858,0.413848439,0.273204316,0.804327528,0.204765558,0.498434787,0.283723325,1.628049839,0.964483834,0.396981867,fish
430,0.526448764,0.17110371,0.128251843,0.808247839,0.20816852,0.514452583,0.258407981,1.518522995,0.800114377,0.444648458,fish
432,0.462558474,0.201372585,0.141398689,0.83133208,0.212424143,0.439571503,0.259529345,1.578767092,0.956376169,0.484927878,fish
435,0.444485384,0.137121901,0.085117046,0.8384385,0.198818856,0.482156184,0.283640135,1.532791641,1.101511371,0.39617888,fish
465,0.666024171,0.257972171,0.208277212,0.826745789,0.206908228,0.476346443,0.271514752,1.612068521,0.965772419,0.471269992,fish
481,0.656615358,0.221629225,0.14185788,0.846811549,0.153620272,0.312930211,0.29300168,1.387253275,0.941066489,0.430502558,fish
514,0.485155021,0.149153692,0.088336024,0.856874717,0.160991671,0.484444906,0.24928627,1.537325302,0.925887969,0.445755825,fish
517,0.531571741,0.159435353,0.189428042,0.861011161,0.180443404,0.525493228,0.293998118,1.487857327,1.129293758,0.368643644,fish
525,0.665053488,0.290801083,0.162966164,0.803017416,0.19080611,0.485023011,0.311108721,1.504125941,1.092913469,0.399276275,fish
527,0.595331723,0.171045391,0.180915122,0.852079859,0.188624142,0.557340009,0.280109937,1.626071251,1.014149936,0.443278566,fish
530,0.677325739,0.238417112,0.18737886,0.840887107,0.172300987,0.356269313,0.301086836,1.57506863,1.166995793,0.334742197,fish
533,0.736688305,0.238591789,0.236302785,0.831868245,0.150778144,0.392109176,0.318231601,1.504028005,1.315437959,0.233890598,fish
534,0.579683567,0.262261896,0.134540637,0.86758617,0.163134578,0.367120015,0.299942718,1.672983667,1.299785428,0.242609493,fish
540,0.639725681,0.243095198,0.198069653,0.842381176,0.146610743,0.348631769,0.293157054,1.532717845,1.123883986,0.383125862,fish
4,0.992116914,0.551078713,0,0.987244593,0.068525843,4.185866169,0.289554364,1.559464936,0.869043519,0.403659135,pigeonoids
8,0.991105625,0.534411082,0,0.982334583,0.060836684,2.844707543,0.287232834,1.538445554,0.564680097,0.449838737,pigeonoids
21,1.095304706,0.593370401,0,0.9830187,0.026819633,1.556253861,0.283952775,1.59121474,0.474197628,0.425118872,pigeonoids
38,1.039572798,0.550886668,0,0.979571369,0.062417783,2.709579793,0.288494042,1.541235647,0.50735611,0.390046495,pigeonoids
52,0.899525143,0.512661804,0,0.977838163,0.028496828,1.200265168,0.287107859,1.576269993,0.868248138,0.580235838,pigeonoids
60,1.075453149,0.54241434,0,0.980803264,0.025477778,1.18477439,0.289358865,1.58759299,0.41694885,0.456577062,pigeonoids
78,1.078111162,0.638464784,0,0.993982774,0.00204566,0.007689575,0.281527334,1.560736243,0.312982358,0.205884463,pigeonoids
97,1.073917956,0.511074915,0,0.97896548,0.036399048,1.688096143,0.280181607,1.574021562,0.518020524,0.525446109,pigeonoids
116,1.110150472,0.592931119,0,0.981025129,0.028214202,1.396428825,0.28409071,1.544892718,0.696758271,0.539477668,pigeonoids
134,1.024190688,0.54486994,0,0.978857833,0.026227424,1.340622928,0.279721624,1.565279999,0.520321256,0.5501895,pigeonoids
153,0.919377794,0.525109673,0,0.986106541,0.05923208,4.183477515,0.290432567,1.600367041,1.155956224,0.370148222,pigeonoids
157,0.994032246,0.533523671,0,0.987523534,0.046557995,3.772635202,0.289334661,1.609710614,0.706006317,0.458930607,pigeonoids
161,1.054204092,0.527745978,0,0.984839048,0.008185498,0.00662945,0.28121407,1.569254075,0.399139423,0.270520395,pigeonoids
179,0.948357631,0.552997856,0,0.985570744,0.037383195,2.125091906,0.288902025,1.595554284,0.784801231,0.428553996,pigeonoids
185,0.979915528,0.547312054,0,0.992767127,0.002670061,0.008330233,0.286817326,1.589864671,0.398335234,0.250976466,pigeonoids
199,0.965069667,0.504447151,0,0.991974779,0.017727839,1.679643873,0.287033007,1.571133329,0.790177214,0.500963519,pigeonoids
221,1.0228721,0.517226573,0,0.992402667,0.004045833,0.005911069,0.282790147,1.58993845,0.290288495,0.230548084,pigeonoids
237,0.973852451,0.51905827,0,0.978477673,0.027715038,1.437487559,0.285381459,1.552384093,0.568515995,0.438402196,pigeonoids
257,1.018495055,0.512894034,0,0.988118002,0.007817161,0.007257416,0.289611942,1.54658323,0.584102747,0.275493399,pigeonoids
278,1.061000305,0.602666007,0,0.987658764,0.051394669,3.822633039,0.288013743,1.636309451,0.497506176,0.34776461,pigeonoids
281,0.967020173,0.515323994,0,0.979691311,0.019825602,1.128120954,0.28232838,1.576678117,0.544772326,0.483610436,pigeonoids
300,0.984255148,0.537611967,0,0.992180539,0.003004455,0.008009348,0.288398087,1.547445557,0.375099078,0.226741507,pigeonoids
317,0.980565822,0.58673398,0,0.993141906,0.001710078,0.007874641,0.291350986,1.609946924,0.408368677,0.237631196,pigeonoids
331,1.090991712,0.596792921,0,0.991265151,0.006642411,0.678184116,0.293403429,1.531873421,0.351464747,0.475527331,pigeonoids
346,0.978752693,0.535587365,0,0.989737128,0.044224655,4.575875729,0.291948417,1.597370733,0.914070761,0.465946467,pigeonoids
349,0.93411121,0.554310259,0,0.988640361,0.035521206,4.058377426,0.289817502,1.51720575,1.103972562,0.353757401,pigeonoids
353,1.018878076,0.542550373,0,0.986446809,0.067058756,3.917484299,0.292214487,1.608130376,0.716735216,0.490547906,pigeonoids
358,1.003300207,0.559252796,0,0.986299855,0.055444382,3.70879461,0.29229641,1.555775423,0.867866226,0.473663569,pigeonoids
360,1.065708653,0.556644484,0,0.992662332,0.025571126,4.892422431,0.290357374,1.580929872,0.52235226,0.385992027,pigeonoids
365,1.010502064,0.537950261,0,0.989279181,0.034805372,3.994333715,0.288993724,1.516959879,0.818745071,0.458953086,pigeonoids
368,0.873359992,0.524105458,0,0.985785342,0.062143603,4.467050171,0.293716641,1.553894572,1.224685813,0.319897765,pigeonoids
371,1.006880799,0.511394381,0,0.9923014,0.033806392,4.419668068,0.288349158,1.583718686,0.666900494,0.447078739,pigeonoids
377,0.942425714,0.569097414,0,0.988018186,0.05817283,4.400308499,0.288031572,1.516130271,0.94060172,0.405313004,pigeonoids
386,0.979645267,0.526539825,0,0.986337831,0.068817447,4.437648193,0.291369374,1.578803773,0.841268505,0.463102811,pigeonoids
387,1.065489216,0.588690768,0,0.957881539,0.045207006,1.104890255,0.285994129,1.597275701,1.019360017,0.614954806,pigeonoids
404,0.995832118,0.580784756,0,0.97957301,0.039492929,1.859386205,0.287096654,1.590234189,0.683340715,0.506804431,pigeonoids
418,0.926807086,0.509566133,0,0.978887135,0.032355636,1.598184697,0.293489462,1.595699971,0.767409502,0.470961278,pigeonoids
428,1.022594708,0.553591072,0,0.978974124,0.033484559,1.5096667,0.287003627,1.594626619,0.593225983,0.575041426,pigeonoids
446,1.015806865,0.531631894,0,0.983648336,0.026272772,1.471791177,0.282040417,1.566824446,0.565328103,0.426438265,pigeonoids
462,0.984257727,0.57291743,0,0.987206522,0.05043981,4.31473313,0.29280072,1.528001143,1.029538723,0.402851584,pigeonoids
465,1.037376834,0.518164919,0,0.984214298,0.026985728,1.721474269,0.277700942,1.578504045,0.514299492,0.386383675,pigeonoids
485,1.009627065,0.515548591,0,0.966941506,0.035129203,1.226006146,0.299543669,1.596823894,0.785276205,0.59781984,pigeonoids
500,0.969696326,0.51959397,0,0.983964469,0.055489834,3.117962336,0.286142742,1.581105749,0.497204483,0.312276624,pigeonoids
536,1.000803038,0.517022907,0,0.98343172,0.025092888,1.428411901,0.279873677,1.573126006,0.662956618,0.456015728,pigeonoids
554,1.041245804,0.667268453,0,0.982175555,0.02279288,1.346889087,0.29634638,1.622876353,0.575688195,0.421251557,pigeonoids
569,0.935879621,0.522416944,0,0.989075884,0.059393659,4.518955894,0.289191678,1.535930313,1.016456574,0.375211131,pigeonoids
576,0.922867606,0.533563288,0,0.9876397,0.055511934,4.637409213,0.286291278,1.511035191,1.137502707,0.363510504,pigeonoids
592,0.969994423,0.512491354,0,0.983102348,0.066308754,3.656257705,0.286025347,1.595061243,0.840944754,0.44650364,pigeonoids
598,0.986918563,0.540613746,0,0.983871256,0.06872022,3.699210737,0.28880781,1.605682578,0.837297237,0.479347007,pigeonoids
